mutation,mutation_type
L24-,deletion
P25-,deletion
P26-,deletion
S31-,deletion
H69-,deletion
V70-,deletion
Y144-,deletion
N211-,deletion
V483-,deletion
-16aM,insertion
-16bP,insertion
-16cL,insertion
-16dF,insertion
T19I,substitution
R21T,substitution
A27S,substitution
S50L,substitution
V127F,substitution
G142D,substitution
F157S,substitution
R158G,substitution
L212I,substitution
V213G,substitution
L216F,substitution
H245N,substitution
A264D,substitution
I332V,substitution
G339H,substitution
K356T,substitution
S371F,substitution
S373P,substitution
S375F,substitution
T376A,substitution
R403K,substitution
D405N,substitution
R408S,substitution
K417N,substitution
N440K,substitution
V445H,substitution
G446S,substitution
N450D,substitution
L452W,substitution
L455S,substitution
F456L,substitution
N460K,substitution
S477N,substitution
T478K,substitution
N481K,substitution
E484K,substitution
F486P,substitution
Q493E,substitution
Q498R,substitution
N501Y,substitution
Y505H,substitution
E554K,substitution
A570V,substitution
D614G,substitution
P621S,substitution
H655Y,substitution
N679K,substitution
P681R,substitution
N764K,substitution
D796Y,substitution
S939F,substitution
Q954H,substitution
N969K,substitution
V1104L,substitution
P1143L,substitution
